{
  "silhouette": 0.23153382527390431,
  "davies_bouldin": 2.154082360392726
}