k,silhouette,davies_bouldin
2,0.2496322480935998,1.746855436730371
3,0.17739213930425382,2.1437192919191497
4,0.17643362076822208,2.089839599425044
5,0.17763637254807566,1.9450310496799053
6,0.12035497698193977,2.059233711831764
7,0.11587794604593264,1.9922893854230388
8,0.11970133575891272,1.8244227207637707
