{
  "silhouette": 0.17643362076822208,
  "davies_bouldin": 2.089839599425044
}