step,type,amount,oldbalanceOrg,newbalanceOrig,oldbalanceDest,newbalanceDest,orig_balance_delta,dest_balance_delta,orig_delta_error,dest_delta_error,amount_to_oldbalance_ratio,emptied_origin,dest_is_merchant,dest_is_customer,log_amount,isFraud,fraud_probability,predicted_isFraud
8,CASH_OUT,181728.11,0.0,0.0,11397.0,184477.77,0.0,173080.77,-181728.11,-8647.339999999997,181728.11,0,0,1,12.110272450688088,1,0.018743334554402125,0
13,CASH_OUT,454859.39,0.0,0.0,0.0,454859.39,0.0,454859.39,-454859.39,0.0,454859.39,0,0,1,13.027745815684712,1,0.01685282862479993,0
43,TRANSFER,1395850.55,0.0,0.0,260806.21,1656656.77,0.0,1395850.56,-1395850.55,0.010000000009313226,1395850.55,0,0,1,14.149015217108458,1,0.0010515553179716425,0
18,CASH_OUT,314251.58,75956.47,0.0,7962205.25,8276456.84,75956.47,314251.58999999985,-238295.11000000002,0.009999999834690243,4.13720441188997,1,0,1,12.657952336442658,1,0.00012689426906658985,0
15,CASH_OUT,39713.28,0.0,0.0,1274866.51,1314579.79,0.0,39713.28000000003,-39713.28,2.9103830456733704e-11,39713.28,0,0,1,10.589466099732558,1,0.00012689426906658985,0
