{
  "accuracy": 0.999971389743223,
  "precision": 0.9955357142857143,
  "recall": 0.9780701754385965,
  "f1": 0.9867256637168141,
  "roc_auc": 0.9940182717865755
}