{
  "accuracy": 0.9999761581193525,
  "precision": 1.0,
  "recall": 0.9780701754385965,
  "f1": 0.9889135254988913,
  "roc_auc": 0.998125946181478
}